Month,forecast
1,2527338.50162394
2,2446154.75558299
3,2872050.73353736
4,2722157.62066148
5,3098095.87189338
6,3150602.99152538
7,3172545.04934414
8,2814269.98232799
9,2486631.56411434
10,2434261.23426546
11,2517523.25203064
12,2491340.4372649
