Month,forecast
1,21136641.7817753
2,20507039.1238402
3,23506565.9823547
4,22208405.7551534
5,25380147.7719632
6,25966799.4651126
7,26113792.5651165
8,22899285.7691163
9,20499583.9082264
10,19971242.8207044
11,20602665.9169652
12,21073222.0818537
